"","name","id","done"
"7098","Henonemus_triacanthopomus",63018,2
"7099","Pachypanchax_patriciae",63019,2
"7100","Symphurus_monostigmus",63020,2
"7101","Aphanius_isfahanensis",63021,2
"7102","Pachypanchax_sparksorum",63022,2
"7103","Pachypanchax_arnoulti",63023,2
"7104","Parasinilabeo_longibarbus",63024,2
"7105","Aseraggodes_brevirostris",63025,2
"7106","Noturus_maydeni",63026,2
"7107","Garra_paralissorhynchus",63027,2
"7108","Puntius_bunau",63028,2
"7109","Aseraggodes_heemstrai",63029,2
"7110","Aseraggodes_jenny",63030,2
"7111","Aseraggodes_steinitzi",63031,2
"7112","Aseraggodes_umbratilis",63032,2
"7113","Platysmacheilus_zhenjiangensis",63033,2
"7114","Puntius_muvattupuzhaensis",63034,2
"7115","Sinocyclocheilus_aluensis",63036,2
"7116","Sinocyclocheilus_hugeibarbus",63037,2
"7117","Sinocyclocheilus_wumengshanensis",63038,2
"7118","Sinocyclocheilus_yimenensis",63039,2
"7119","Leuciscus_gaderanus",63040,2
"7120","Garra_bourreti",63041,2
"7121","Puntius_jayarami",63042,2
"7122","Rasbora_hosii",63043,2
"7123","Vimba_elongata",63044,2
"7124","Moenkhausia_heikoi",63046,2
"7125","Labeo_microphthalmus",63047,2
"7126","Luciocephalus_aura",63048,2
"7127","Betta_cracens",63049,2
"7128","Betta_raja",63050,2
"7129","Priapella_chamulae",63051,2
"7130","Myroconger_seychellensis",63052,2
"7131","Promyllantor_atlanticus",63053,2
"7132","Promyllantor_adenensis",63054,2
"7133","Thymallus_grubii_flavomaculatus",63055,2
"7134","Ariosoma_howensis",63056,2
"7135","Ariosoma_sereti",63057,2
"7136","Ariosoma_multivertebratum",63058,2
"7137","Ariosoma_sazonovi",63059,2
"7138","Parabathymyrus_fijiensis",63060,2
"7139","Congriscus_marquesaensis",63061,2
"7140","Gnathophis_neocaledoniensis",63062,2
"7141","Gnathophis_asanoi",63063,2
"7142","Acromycter_longipectoralis",63064,2
"7143","Blachea_longicaudalis",63065,2
"7144","Saurenchelys_taiwanensis",63066,2
"7145","Ophioblennius_trinitatis",63067,2
"7146","Asterorhombus_filifer",63068,1
"7147","Etropus_ciadi",63069,2
"7148","Coregonus_pravdinellus",63071,2
"7149","Coregonus_anaulorum",63072,2
"7150","Corydoras_albolineatus",63073,2
"7151","Corydoras_paucerna",63074,2
"7152","Corydoras_paragua",63075,2
"7153","Corydoras_negro",63076,2
"7154","Corydoras_isbrueckeri",63077,2
"7155","Enchelycore_tamarae",63078,2
"7156","Corydoras_noelkempffi",63079,2
"7157","Bathylagus_niger",63080,2
"7158","Cottus_dzungaricus",63081,2
"7159","Cottus_szanaga",63082,2
"7160","Paracaristius_heemstrai",63083,2
"7161","Pseudoscopelus_parini",63084,2
"7162","Hemibagrus_fortis",63085,2
"7163","Leiocassis_hosii",63086,2
"7164","Hemigrammus_ora",63087,2
"7165","Hyphessobrycon_borealis",63088,2
"7166","Muraenolepis_trunovi",63089,2
"7167","Atractodenchelys_robinsorum",63090,2
"7168","Lopholiparis_flerxi",63091,2
"7169","Astyanax_endy",63092,2
"7170","Knodus_longus",63093,2
"7171","Hemigrammus_skolioplatus",63094,2
"7172","Pseudochalceus_bohlkei",63095,2
"7173","Plectranthias_klausewitzi",63096,2
"7174","Australoheros_kaaygua",63097,2
"7175","Capoeta_angorae",63098,2
"7176","Capoeta_bergamae",63099,2
"7177","Capoeta_kosswigi",63100,2
"7178","Sinocrossocheilus_megalophthalmus",63101,2
"7179","Bathyraja_mariposa",63102,2
"7180","Barbus_escherichii",63103,2
"7181","Microphysogobio_anudarini",63104,2
"7182","Propimelodus_caesius",63106,2
"7183","Merluccius_tasmanicus",63108,2
"7184","Enneapterygius_elaine",63109,2
"7185","Leiarius_longibarbis",63110,2
"7186","Enneapterygius_genamaculatus",63111,2
"7187","Enneapterygius_gruschkai",63112,2
"7188","Enneapterygius_kosiensis",63113,2
"7189","Chlidichthys_abruptus",63114,2
"7190","Chlidichthys_chagosensis",63115,2
"7191","Steindachneridion_punctatum",63116,2
"7192","Chlidichthys_clibanarius",63117,2
"7193","Chlidichthys_foudioides",63118,2
"7194","Microglanis_pataxo",63119,2
"7195","Zoarces_andriashevi",63120,2
"7196","Rivulus_mahdiaensis",63121,2
"7197","Pseudecheneis_eddsi",63122,2
"7198","Pseudecheneis_stenura",63123,2
"7199","Pseudecheneis_suppaetula",63125,2
"7200","Trichomycterus_aguarague",63126,2
"7201","Hyphessobrycon_togoi",63127,2
"7202","Corumbataia_britskii",63128,2
"7203","Pareuchiloglanis_songdaensis",63129,2
"7204","Pareuchiloglanis_songmaensis",63130,2
"7205","Cruciglanis_pacifici",63131,2
"7206","Muraenolepis_andriashevi",63132,2
"7207","Cobitis_pontica",63133,1
"7208","Pseudecheneis_tchangi",63134,2
"7209","Characidium_longum",63135,2
"7210","Roeboides_araguaito",63136,2
"7211","Roeboides_margareteae",63137,2
"7212","Delturus_brevis",63138,2
"7213","Otocinclus_cocama",63139,2
"7214","Parotocinclus_planicauda",63140,2
"7215","Thymallus_burejensis",63141,2
"7216","Thymallus_brevipinnis",63142,2
"7217","Oxynoemacheilus_banarescui",63143,2
"7218","Oxynoemacheilus_simavicus",63144,2
"7219","Oxynoemacheilus_eregliensis",63145,2
"7220","Saurida_umeyoshii",63146,2
"7221","Gastromyzon_cornusaccus",63147,2
"7222","Saurida_macrolepis",63148,2
"7223","Gastromyzon_extrorsus",63149,2
"7224","Acanthopagrus_akazakii",63150,2
"7225","Gastromyzon_introrsus",63151,2
"7226","Gastromyzon_bario",63152,2
"7227","Acanthopagrus_taiwanensis",63153,2
"7228","Etmopterus_burgessi",63154,2
"7229","Gastromyzon_praestans",63155,2
"7230","Gastromyzon_umbrus",63156,2
"7231","Gastromyzon_psiloetron",63157,2
"7232","Antigonia_undulata",63158,2
"7233","Antigonia_hulleyi",63159,2
"7234","Eptatretus_goliath",63160,1
"7235","Pachycara_alepidotum",63161,2
"7236","Diancistrus_alatus",63162,2
"7237","Gastromyzon_stellatus",63163,2
"7238","Bathymyrus_echinorhynchus",63164,2
"7239","Gastromyzon_zebrinus",63165,2
"7240","Gastromyzon_aequabilis",63166,2
"7241","Gastromyzon_ingeri",63167,2
"7242","Diancistrus_alleni",63168,1
"7243","Diancistrus_altidorsalis",63169,1
"7244","Diancistrus_atollorum",63170,2
"7245","Diancistrus_beateae",63171,1
"7246","Gastromyzon_spectabilis",63172,2
"7247","Gastromyzon_russulus",63173,2
"7248","Gastromyzon_viriosus",63174,2
"7249","Gastromyzon_auronigrus",63175,2
"7250","Neogastromyzon_crassiobex",63176,2
"7251","Neogastromyzon_chini",63177,2
"7252","Neogastromyzon_kottelati",63178,2
"7253","Neogastromyzon_brunei",63179,2
"7254","Gastromyzon_scitulus",63180,2
"7255","Gastromyzon_crenastus",63181,2
"7256","Gastromyzon_farragus",63182,2
"7257","Gastromyzon_katibasensis",63183,2
"7258","Pteropsaron_neocaledonicus",63184,2
"7259","Callichthys_oibaensis",63185,2
"7260","Monhoplichthys_prosemion",63186,2
"7261","Diaphus_rivatoni",63187,2
"7262","Oxynoemacheilus_theophilii",63189,1
"7263","Barbatula_compressirostris",63190,2
"7264","Ariosoma_opistophthalmus",63191,2
"7265","Brotulinella_taiwanensis",63192,1
"7266","Diancistrus_brevirostris",63193,2
"7267","Diancistrus_eremitus",63194,1
"7268","Diancistrus_fijiensis",63195,2
"7269","Barbatula_dgebuadzei",63196,2
"7270","Hydrolagus_mccoskeri",63197,1
"7271","Triplophysa_gundriseri",63198,2
"7272","Schistura_humilis",63199,2
"7273","Nemacheilus_inglisi",63200,2
"7274","Diancistrus_jackrandalli",63201,2
"7275","Schistura_nagodiensis",63202,2
"7276","Schistura_sharavathiensis",63203,2
"7277","Schistura_minutus",63204,2
"7278","Diancistrus_jeffjohnsoni",63205,2
"7279","Diancistrus_karinae",63206,1
"7280","Hydrolagus_lusitanicus",63207,1
"7281","Diancistrus_katrineae",63208,2
"7282","Diancistrus_leisi",63209,2
"7283","Diancistrus_mcgroutheri",63210,1
"7284","Triplophysa_chandagaitensis",63211,2
"7285","Dzihunia_ilan",63212,2
"7286","Apistogramma_huascar",63213,2
"7287","Ctenopoma_houyi",63214,2
"7288","Fundulopanchax_moensis",63216,2
"7289","Fundulopanchax_traudeae",63217,2
"7290","Fundulopanchax_intermittens",63218,2
"7291","Diancistrus_machidai",63219,1
"7292","Diancistrus_manciporus",63220,2
"7293","Diancistrus_mennei",63221,2
"7294","Diancistrus_niger",63222,1
"7295","Poecilia_wingei",63223,2
"7296","Diancistrus_pohnpeiensis",63224,2
"7297","Diancistrus_robustus",63225,2
"7298","Diancistrus_springeri",63226,1
"7299","Diancistrus_tongaensis",63227,2
"7300","Apistogramma_pantalone",63228,2
"7301","Apistogramma_rositae",63229,2
"7302","Diancistrus_vietnamensis",63230,2
"7303","Paradiancistrus_acutirostris",63231,2
"7304","Apistogramma_wapisana",63232,2
"7305","Paradiancistrus_cuyoensis",63233,1
"7306","Dermatopsis_greenfieldi",63234,2
"7307","Dermatopsis_hoesei",63235,2
"7308","Dermatopsis_joergennielseni",63236,2
"7309","Glyptothorax_ngapang",63237,2
"7310","Glyptothorax_granulus",63238,2
"7311","Glyptothorax_chindwinica",63239,2
"7312","Pseudecheneis_ukhrulensis",63240,2
"7313","Pseudecheneis_sirenica",63241,2
"7314","Parapercis_lineopunctata",63242,1
"7315","Salvelinus_taranetzi",63243,2
"7316","Rhinogobius_changtinensis",63244,2
"7317","Rhinogobius_lungwoensis",63245,2
"7318","Rhinogobius_ponkouensis",63246,2
"7319","Pseudecheneis_maurus",63247,2
"7320","Oreoglanis_jingdongensis",63248,2
"7321","Oreoglanis_immaculatus",63249,2
"7322","Squalidus_banarescui",63250,2
"7323","Dipulus_hutchinsi",63251,2
"7324","Pituna_brevirostrata",63252,2
"7325","Pituna_schindleri",63253,2
"7326","Pituna_poranga",63254,2
"7327","Dermatopsoides_andersoni",63255,2
"7328","Dermatopsoides_morrisonae",63256,2
"7329","Pituna_obliquoseriata",63257,2
"7330","Pituna_xinguensis",63258,2
"7331","Plesiolebias_fragilis",63259,2
"7332","Plesiolebias_altamira",63260,2
"7333","Plesiolebias_filamentosus",63261,2
"7334","Plesiolebias_canabravensis",63262,2
"7335","Lucifuga_lucayana",63263,2
"7336","Maratecoara_splendida",63264,2
"7337","Ogilbia_boydwalkeri",63265,2
"7338","Hypancistrus_contradens",63266,2
"7339","Hypancistrus_debilittera",63267,2
"7340","Hypancistrus_furunculus",63268,2
"7341","Hypancistrus_lunaorum",63269,2
"7342","Ogilbia_cocoensis",63270,2
"7343","Ogilbia_davidsmithi",63271,2
"7344","Ogilbia_jewettae",63272,2
"7345","Ogilbia_nigromarginata",63273,2
"7346","Ogilbia_nudiceps",63274,2
"7347","Barbatula_germencica",63275,2
"7348","Barbatula_bergamensis",63276,2
"7349","Ogilbia_robertsoni",63277,2
"7350","Ogilbia_sedorae",63278,2
"7351","Ogilbia_boehlkei",63279,2
"7352","Ogilbia_jeffwilliamsi",63280,2
"7353","Ogilbia_mccoskeri",63281,2
"7354","Ogilbia_sabaji",63282,2
"7355","Ogilbia_suarezae",63283,2
"7356","Thymallus_tugarinae",63284,1
"7357","Barbatula_cinica",63286,2
"7358","Barbatula_mediterraneus",63287,2
"7359","Barbatula_phoxinoides",63288,2
"7360","Seminemacheilus_ispartensis",63289,2
"7361","Barbatula_erdali",63290,2
"7362","Ogilbia_tyleri",63291,2
"7363","Barbatula_paucilepis",63292,2
"7364","Schistura_ceyhanensis",63293,2
"7365","Schistura_seyhanicola",63294,2
"7366","Schistura_evreni",63295,2
"7367","Cyclocheilichthys_schoppeae",63296,2
"7368","Pseudobagrus_nubilosus",63297,2
"7369","Celestichthys_margaritatus",63298,2
"7370","Tuamotuichthys_marshallensis",63299,2
"7371","Ventichthys_biospeedoi",63300,2
"7372","Triplophysa_arnoldii",63301,2
"7373","Triplophysa_zhaoi",63302,2
"7374","Triplophysa_kaznakowi",63303,2
"7375","Lefua_pleskei",63304,2
"7376","Triplophysa_herzensteini",63306,2
"7377","Pseudexostoma_longipterus",63307,2
"7378","Lutjanus_alexandrei",63308,2
"7379","Dzihunia_turdakovi",63309,2
"7380","Pangio_elongata",63310,2
"7381","Pangio_signicauda",63311,2
"7382","Pangio_lumbriciformis",63312,2
"7383","Astyanax_bockmanni",63313,1
"7384","Triplophysa_scapanognatha",63314,2
"7385","Pteropelor_noronhai",63315,2
"7386","Raja_chinensis",63316,2
"7387","Squalus_brevirostris",63317,2
"7388","Anguilla_breviceps",63318,2
"7389","Pangio_apoda",63319,2
"7390","Cristatogobius_albius",63320,2
"7391","Ctenogobius_puncticeps",63321,2
"7392","Triplophysa_xingshanensis",63322,2
"7393","Notarius_insculptus",63323,2
"7394","Sciades_emphysetus",63324,2
"7395","Cathorops_mapale",63325,2
"7396","Hemiarius_verrucosus",63326,2
"7397","Notarius_armbrusteri",63327,2
"7398","Psilorhynchoides_arunachalensis",63328,2
"7399","Hemiloricaria_aurata",63329,2
"7400","Gobio_sibiricus",63330,2
"7401","Hemiculter_varpachovskii",63331,2
"7402","Oreoleuciscus_dsapchynensis",63332,2
"7403","Phoxinus_ujmonensis",63333,2
"7404","Linophryne_bicornis",63334,1
"7405","Triplophysa_shaanxiensis",63335,2
"7406","Cataetyx_nielseni",63336,2
"7407","Lioscorpius_trifasciatus",63341,2
"7408","Himantura_hortlei",63342,1
"7409","Pastinachus_solocirostris",63343,2
"7410","Rhinobatos_nudidorsalis",63344,2
"7411","Valamugil_delicata",63345,2
"7412","Orectolobus_hutchinsi",63346,2
"7413","Rhinobatos_sainsburyi",63347,2
"7414","Aptychotrema_timorensis",63348,2
"7415","Brochiraja_aenigma",63349,2
"7416","Brochiraja_albilabiata",63350,2
"7417","Brochiraja_leviveneta",63351,2
"7418","Brochiraja_microspinifera",63352,2
"7419","Proscyllium_magnificum",63353,2
"7420","Stiphodon_aureorostrum",63356,2
"7421","Polynemus_bidentatus",63357,2
"7422","Apletodon_wirtzi",63358,2
"7423","Gunterichthys_bussingi",63359,2
"7424","Gunterichthys_coheni",63360,2
"7425","Arnoglossus_grohmanni",63361,2
"7426","Acipenser_multiscutatus",63362,2
"7427","Ogilbichthys_ferocis",63363,2
"7428","Ogilbichthys_haitiensis",63364,2
"7429","Ogilbichthys_kakuki",63365,2
"7430","Ogilbichthys_longimanus",63366,2
"7431","Ogilbichthys_microphthalmus",63368,2
"7432","Ogilbichthys_puertoricoensis",63369,2
"7433","Puntius_ater",63370,2
"7434","Ogilbichthys_tobagoensis",63371,2
"7435","Pseudogilbia_sanblasensis",63372,2
"7436","Puntius_khugae",63373,2
"7437","Trimma_flavatrum",63374,1
"7438","Trimma_hayashii",63375,1
"7439","Tripterygion_tartessicum",63378,2
"7440","Rhinogobius_wangi",63379,2
"7441","Cabillus_atripelvicus",63380,2
"7442","Halieutopsis_margaretae",63383,2
"7443","Sebastes_kiyomatsui",63384,2
"7444","Evoxymetopon_macrophthalmus",63385,2
"7445","Ericandersonia_sagamia",63386,2
"7446","Dolichopteryx_minuscula",63387,2
"7447","Dolichopteryx_rostrata",63388,2
"7448","Himantura_lobistoma",63391,2
"7449","Icelus_sekii",63392,2
"7450","Zungaro_jahu",63393,1
"7451","Nematops_nanosquama",63394,2
"7452","Sabanejewia_kubanica",63395,1
"7453","Alosa_volgensis",63396,1
"7454","Benthophilus_leobergius",63397,1
"7455","Brachymystax_tumensis",63398,2
"7456","Lepturacanthus_roelandti",63399,2
"7457","Gymnogobius_breunigii",63400,2
"7458","Gymnogobius_opperiens",63401,2
"7459","Gymnogobius_petschiliensis",63402,2
"7460","Poecilopsetta_pectoralis",63403,1
"7461","Pungitius_bussei",63404,2
"7462","Ituglanis_paraguassuensis",63405,2
"7463","Trachyscorpia_carnomagula",63406,2
"7464","Dasyatis_hypostigma",63407,2
"7465","Trachyscorpia_longipedicula",63408,2
"7466","Balantiocheilos_ambusticauda",63409,2
"7467","Merodoras_nheco",63410,2
"7468","Elacatinus_jarocho",63411,2
"7469","Hemigrammocapoeta_caudomaculata",63412,2
"7470","Elacatinus_redimiculus",63413,2
"7471","Magadanichthys_skopetsi",63417,2
"7472","Zearaja_maugeana",63418,2
"7473","Pseudophoxinus_alii",63419,2
"7474","Synodus_taiwanensis",63420,2
"7475","Coelorinchus_vityazae",63421,2
"7476","Brotula_flaviviridis",63422,2
"7477","Zoramia_flebila",63423,2
"7478","Zoramia_viridiventer",63424,1
"7479","Tryssogobius_porosus",63425,2
"7480","Gorgasia_thamani",63426,2
"7481","Apogon_kautamea",63427,2
"7482","Apogon_rubrifuscus",63428,2
"7483","Apogon_campbelli",63429,2
"7484","Cabillus_caudimacula",63430,2
"7485","Pleurosicya_larsonae",63431,2
"7486","Allenbatrachus_meridionalis",63432,2
"7487","Squalus_crassispinus",63433,2
"7488","Squalus_bucephalus",63434,2
"7489","Erromyzon_yangi",63435,2
"7490","Pseudancistrus_pectegenitor",63437,2
"7491","Pseudancistrus_yekuana",63438,2
"7492","Howella_pammelas",63439,2
"7493","Iniistius_griffithsi",63440,1
"7494","Luthulenchelys_heemstraorum",63442,2
"7495","Amblyceps_arunchalensis",63443,2
"7496","Gymnothorax_hansi",63444,2
"7497","Epigonus_cavaticus",63445,2
"7498","Cathorops_puncticulatus",63446,2
"7499","Apogon_pleuron",63447,1
"7500","Tor_malabaricus",63448,2
"7501","Oxycheilinus_lineatus",63450,2
"7502","Salarias_reticulatus",63451,2
"7503","Pimelodus_tetramerus",63452,2
"7504","Aphanius_almiriensis",63453,1
"7505","Channallabes_longicaudatus",63454,2
"7506","Channallabes_ogooensis",63455,2
"7507","Channallabes_teugelsi",63456,2
"7508","Channallabes_sanghaensis",63457,2
"7509","Garra_regressus",63458,2
"7510","Garra_duobarbis",63459,2
"7511","Garra_geba",63461,2
"7512","Garra_tana",63462,2
"7513","Garra_dembecha",63463,2
"7514","Pinniwallago_kanpurensis",63465,2
"7515","Cryothenia_amphitreta",63466,2
"7516","Rama_rama",63472,2
"7517","Benthophilus_nudus",63477,1
"7518","Squalius_cii",63478,2
"7519","Caenotropus_schizodon",63480,2
"7520","Hypostomus_rhantos",63481,2
"7521","Percina_kusha",63482,2
"7522","Percina_sipsi",63483,2
"7523","Percina_smithvanizi",63484,2
"7524","Cynolebias_paraguassuensis",63485,2
"7525","Rivulus_lazzarotoi",63486,2
"7526","Simpsonichthys_punctulatus",63487,2
"7527","Laetacara_fulvipinnis",63488,2
"7528","Trichomycterus_megantoni",63489,2
"7529","Trichomycterus_santanderensis",63490,2
"7530","Fundulopanchax_kamdemi",63491,2
"7531","Cathorops_manglarensis",63492,2
"7532","Coryphopterus_kuna",63493,1
"7533","Hemigrammus_geisleri",63494,2
"7534","Knodus_pasco",63495,2
"7535","Corydoras_longipinnis",63496,2
"7536","Metahomaloptera_longicauda",63497,2
"7537","Hemibrycon_microformaa",63498,2
"7538","Garra_aethiopica",63499,2
"7539","Garra_blanfordii",63500,2
"7540","Pseudolaguvia_ferula",63502,2
"7541","Microglanis_leptostriatus",63503,2
"7542","Farlowella_altocorpus",63504,2
"7543","Cirrhigaleus_australis",63505,1
"7544","Varicorhinus_jubae",63506,2
"7545","Cottunculus_tubulosus",63507,2
"7546","Corydoras_ortegai",63508,2
"7547","Pimelodus_britskii",63509,2
"7548","Propimelodus_araguayae",63510,2
"7549","Nothobranchius_hengstleri",63511,2
"7550","Pseudopataecus_taenianotus",63512,2
"7551","Cocotropus_microps",63513,2
"7552","Caranx_fischeri",63514,2
"7553","Mugil_rubrioculus",63515,2
"7554","Praealticus_margaritarius",63516,2
"7555","Equulites_laterofenestra",63518,2
"7556","Chromidotilapia_regani",63519,2
"7557","Lophiocharon_hutchinsi",63521,2
"7558","Micralestes_schelly",63522,2
"7559","Bregmaceros_pseudolanceolatus",63524,2
"7560","Halaelurus_maculosus",63525,2
"7561","Halaelurus_sellus",63526,2
"7562","Gobiosoma_parri",63527,2
"7563","Rivulus_salmonicaudus",63528,2
"7564","Rivulus_rubromarginatus",63529,2
"7565","Rivulus_crixas",63530,2
"7566","Rivulus_javahe",63531,2
"7567","Rivulus_karaja",63532,2
"7568","Phreatobius_sanguijuela",63533,2
"7569","Parapercis_flavolabiata",63534,2
"7570","Parapercis_sexlorata",63535,2
"7571","Simipercis_trispinosa",63536,2
"7572","Pseudoplatystoma_orinocoense",63537,2
"7573","Pseudoplatystoma_metaense",63538,2
"7574","Pseudoplatystoma_magdaleniatum",63539,2
"7575","Akysis_pulvinatus",63540,2
"7576","Trimma_gigantum",63541,1
"7577","Trimma_randalli",63542,1
"7578","Trimma_tauroculum",63543,2
"7579","Trimma_fucatum",63544,1
"7580","Synodontis_grandiops",63545,2
"7581","Synodontis_irsacae",63546,2
"7582","Synodontis_ilebrevis",63547,2
"7583","Trimma_sanguinellus",63549,1
"7584","Synodontis_lucipinnis",63550,2
"7585","Himantura_kittipongi",63551,2
"7586","Chromis_abyssus",63552,1
"7587","Chromis_brevirostris",63553,1
"7588","Chromis_circumaurea",63554,2
"7589","Chromis_degruyi",63555,2
"7590","Chromis_earina",63556,1
"7591","Botia_udomritthiruji",63558,2
"7592","Bathyraja_cousseauae",63559,2
"7593","Diplocheilichthys_jentinkii",63560,2
"7594","Cynopotamus_xinguano",63561,2
"7595","Parasinilabeo_longiventralis",63562,2
"7596","Astyanax_varzeae",63563,2
"7597","Triplophysa_laterimaculata",63564,2
"7598","Hemigrammus_taphorni",63565,2
"7599","Kryptolebias_gracilis",63566,2
"7600","Moenkhausia_cosmops",63567,2
"7601","Jupiaba_elassonaktis",63568,2
"7602","Chondrostoma_olisiponensis",63569,2
"7603","Trichomycterus_therma",63570,2
"7604","Moenkhausia_hysterosticta",63571,2
"7605","Oligosarcus_perdido",63572,2
"7606","Hisonotus_hungy",63573,2
"7607","Phreatobius_dracunculus",63574,2
"7608","Astyanax_puka",63575,2
"7609","Squalus_raoulensis",63576,2
"7610","Scarus_maculipinna",63577,1
"7611","Squalus_albifrons",63578,2
"7612","Squalus_altipinnis",63579,2
"7613","Squalus_notocaudatus",63580,2
"7614","Squalus_montalbani",63581,2
"7615","Squalus_chloroculus",63582,2
"7616","Sebastes_variabilis",63583,1
"7617","Trypauchen_pelaeos",63584,2
"7618","Austrolebias_duraznensis",63585,2
"7619","Congochromis_pugnatus",63586,2
"7620","Liza_luciae",63587,2
"7621","Squalus_edmundsi",63588,2
"7622","Squalus_grahami",63589,2
"7623","Squalus_nasutus",63590,1
"7624","Malacoraja_obscura",63591,2
"7625","Pseudophoxinus_syriacus",63592,2
"7626","Stiphodon_kalfatak",63593,2
"7627","Stiphodon_rubromaculatus",63594,2
"7628","Macroparalepis_johnfitchi",63595,2
"7629","Schistura_samantica",63596,2
"7630","Squalius_prespensis",63597,2
"7631","Lestidium_bigelowi",63598,2
"7632","Macroparalepis_longilateralis",63599,2
"7633","Mustelus_ravidus",63600,2
"7634","Rhinobatos_jimbaranensis",63601,2
"7635","Rhinobatos_penggali",63602,2
"7636","Stemonosudis_elongata",63603,2
"7637","Ichthyapus_platyrhynchus",63604,2
"7638","Squalius_peloponensis",63605,2
"7639","Sarotherodon_nigripinnis_dolloi",63606,2
"7640","Cobitis_zanandreai",63607,1
"7641","Brachionichthys_australis",63608,2
"7642","Barbus_petenyi",63609,2
"7643","Batasio_feruminatus",63611,2
"7644","Squalius_malacitanus",63612,2
"7645","Squalius_valentinus",63613,2
"7646","Hara_longissima",63614,2
"7647","Hara_mesembrina",63615,2
"7648","Hara_minuscula",63616,2
"7649","Hara_spinulus",63617,2
"7650","Rasbora_dies",63618,2
"7651","Pseudorasbora_interrupta",63619,2
"7652","Rhinogobius_reticulatus",63620,2
"7653","Rocio_ocotal",63623,2
"7654","Eptatretus_strickrotti",63624,2
"7655","Himantura_fava",63625,2
"7656","Rocio_gemmata",63626,2
"7657","Amatitlania_coatepeque",63627,2
"7658","Amatitlania_kanna",63628,2
"7659","Amatitlania_siquia",63629,2
"7660","Hemibagrus_hainanensis",63630,2
"7661","Hemibagrus_johorensis",63632,2
"7662","Mystus_seengtee",63633,2
"7663","Platysilurus_olallae",63634,2
"7664","Zungaropsis_multimaculatus",63635,2
"7665","Neosilurus_coatesi",63636,2
"7666","Eutropiichthys_burmannicus",63637,2
"7667","Glyptothorax_alaknandi",63638,2
"7668","Glyptothorax_nieuwenhuisi",63639,2
"7669","Glyptothorax_sykesi",63640,2
"7670","Pareuchiloglanis_tianquanensis",63641,2
"7671","Loricariichthys_brunneus",63642,2
"7672","Hisonotus_charrua",63643,2
"7673","Hisonotus_candombe",63644,2
"7674","Euristhmus_microphthalmus",63645,2
"7675","Euristhmus_sandrae",63646,2
"7676","Pterocryptis_barakensis",63647,2
"7677","Parmaturus_albimarginatus",63653,2
"7678","Capoeta_umbla",63654,1
"7679","Parmaturus_albipenis",63656,2
"7680","Parmaturus_bigus",63657,2
"7681","Parmaturus_lanatus",63658,2
"7682","Squalus_griffini",63659,2
"7683","Asterropteryx_ovata",63660,1
"7684","Squalus_hemipinnis",63661,1
"7685","Squatina_heteroptera",63662,2
"7686","Australoheros_forquilha",63663,2
"7687","Australoheros_charrua",63664,2
"7688","Australoheros_minuano",63665,2
"7689","Australoheros_guarani",63666,2
"7690","Squatina_mexicana",63667,2
"7691","Cryptoheros_cutteri",63668,2
"7692","Scardinius_elmaliensis",63670,2
"7693","Cryptoheros_chetumalensis",63671,2
"7694","Leuciscus_anatolicus",63672,2
"7695","Pseudecheneis_brachyurus",63674,2
"7696","Pseudecheneis_gracilis",63675,2
"7697","Pseudecheneis_longipectoralis",63676,2
"7698","Squatina_albipunctata",63677,2
"7699","Pseudecheneis_paucipunctatus",63678,2
"7700","Glyptothorax_rugimentum",63679,2
"7701","Gymnothorax_baranesi",63681,2
"7702","Nuchequula_flavaxilla",63684,2
"7703","Pseudomystus_heokhuii",63685,2
"7704","Nuchequula_glenysae",63686,2
"7705","Nuchequula_longicornis",63687,1
"7706","Characidium_heirmostigmata",63688,2
"7707","Cathorops_belizensis",63689,2
"7708","Cathorops_higuchii",63690,2
"7709","Cathorops_kailolae",63691,2
"7710","Benthochromis_horii",63692,2
"7711","Chrysichthys_acsiorum",63693,2
"7712","Haplochromis_vonlinnei",63694,2
"7713","Barbus_seymouri",63695,2
"7714","Labeobarbus_nthuwa",63696,2
"7715","Nectamia_viria",63698,1
"7716","Leporinus_venerei",63699,2
"7717","Discotrema_monogrammum",63700,1
"7718","Trichomycterus_igobi",63701,2
"7719","Ituglanis_mambai",63702,2
"7720","Chrysiptera_giti",63703,1
"7721","Paracheilinus_nursalim",63704,1
"7722","Pseudochromis_jace",63705,1
"7723","Hemiscyllium_galei",63706,2
"7724","Potamotrygon_boesemani",63707,2
"7725","Hemiscyllium_henryi",63708,2
"7726","Pictichromis_caitlinae",63709,1
"7727","Amphilophus_chancho",63710,2
"7728","Amphilophus_flaveolus",63711,2
"7729","Amphilophus_astorquii",63713,2
"7730","Grallenia_lipi",63714,1
"7731","Orectolobus_halei",63715,1
"7732","Pimelodus_pantaneiro",63716,2
"7733","Hyphessobrycon_rutiliflavidus",63717,2
"7734","Triplophysa_lixianensis",63718,2
"7735","Grallenia_arenicola",63719,2
"7736","Squatina_legnota",63720,2
"7737","Squatina_pseudocellata",63721,2
"7738","Pseudanthias_charleneae",63722,1
"7739","Pterocaesio_monikae",63723,1
"7740","Melanotaenia_synergos",63724,2
"7741","Pictichromis_coralensis",63725,2
"7742","Corythoichthys_benedetto",63726,1
"7743","Pterois_andover",63727,1
"7744","Araiocypris_batodes",63728,2
"7745","Minyclupeoides_dentibranchialus",63729,2
"7746","Coryphopterus_bol",63730,2
"7747","Hemigrammus_parana",63731,2
"7748","Coryphopterus_tortugae",63732,2
"7749","Stiphodon_carisa",63733,1
"7750","Crystallaria_cincotta",63734,2
"7751","Nandus_andrewi",63735,2
"7752","Pseudancistrus_reus",63736,2
"7753","Sinobatis_bulbicauda",63737,2
"7754","Sinobatis_caerulea",63738,2
"7755","Sinobatis_filicauda",63741,2
"7756","Nanobagrus_immaculatus",63744,2
"7757","Pomatoschistus_montenegrensis",63745,2
"7758","Gorogobius_stevcici",63746,2
"7759","Orectolobus_floridus",63747,2
"7760","Orectolobus_parvimaculatus",63748,2
"7761","Nectamia_ignitops",63749,1
"7762","Nectamia_luxuria",63750,1
"7763","Nectamia_similis",63751,1
"7764","Hongshuia_paoli",63752,2
"7765","Discogobio_antethoracalis",63753,2
"7766","Hongshuia_banmo",63754,2
"7767","Vanderhorstia_steelei",63755,2
"7768","Eptatretus_lopheliae",63756,2
"7769","Plotosus_japonicus",63757,2
"7770","Cynoglossus_ochiaii",63758,2
"7771","Trimma_kudoi",63759,2
"7772","Trimma_yanoi",63760,1
"7773","Guentherus_katoi",63761,2
"7774","Careproctus_rotundifrons",63762,2
"7775","Parapercis_basimaculata",63763,2
"7776","Parapercis_katoi",63764,2
"7777","Parapercis_natator",63765,2
"7778","Platygobiopsis_tansei",63766,2
"7779","Acanthopagrus_chinshira",63767,2
"7780","Bilabria_gigantea",63768,2
"7781","Davidijordania_yabei",63769,2
"7782","Engyprosopon_kushimotoensis",63770,2
"7783","Cocotropus_possi",63771,2
"7784","Discogobio_propeanalis",63772,2
"7785","Discogobio_poneventralis",63773,2
"7786","Rhinodoras_armbrusteri",63774,2
"7787","Rhinodoras_gallagheri",63775,2
"7788","Oreonectes_microphthalmus",63776,2
"7789","Oreonectes_polystigmus",63777,2
"7790","Rivulus_planaltinus",63778,2
"7791","Torpedo_formosa",63779,2
"7792","Cephaloscyllium_sarawakensis",63780,2
"7793","Gobius_tropicus",63781,2
"7794","Cephaloscyllium_circulopullum",63782,2
"7795","Electrolux_addisoni",63783,2
"7796","Neoplecostomus_corumba",63784,2
"7797","Hemitriakis_complicofasciata",63785,2
"7798","Schistura_papulifera",63786,2
"7799","Neoplecostomus_selenae",63787,2
"7800","Mustelus_widodoi",63788,2
"7801","Psilorhynchus_amplicephalus",63789,2
"7802","Astyanax_utiariti",63790,2
"7803","Moenkhausia_diamantina",63791,2
"7804","Carcharhinus_macrops",63792,2
"7805","Atelomycterus_marnkalha",63793,2
"7806","Cephaloscyllium_parvum",63794,2
"7807","Haploblepharus_kistnasamyi",63795,2
"7808","Holohalaelurus_favus",63796,2
"7809","Holohalaelurus_grennian",63797,2
"7810","Mustelus_albipinnis",63798,2
"7811","Hyphessobrycon_vinaceus",63799,2
"7812","Bathyphylax_pruvosti",63800,2
"7813","Hypostomus_chrysostiktos",63801,2
"7814","Bathyraja_ishiharai",63802,2
"7815","Bathyraja_tunae",63803,2
"7816","Neoraja_iberica",63804,2
"7817","Neoplecostomus_yapo",63805,2
"7818","Hyphessobrycon_otrynus",63806,2
"7819","Notoraja_hirticauda",63807,2
"7820","Urolophus_kapalensis",63808,2
"7821","Okamejei_mengae",63809,2
"7822","Kali_falx",63810,2
"7823","Centrophorus_robustus",63811,2
"7824","Centrophorus_seychellorum",63812,2
"7825","Squalus_lalannei",63813,2
"7826","Benthobatis_yangi",63814,2
"7827","Kali_colubrina",63815,2
"7828","Makararaja_chindwinensis",63817,2
"7829","Sinocyclocheilus_brevibarbatus",63818,2
"7830","Microrasbora_microphthalma",63819,2
"7831","Garra_findolabium",63820,2
"7832","Galaxias_macronasus",63821,2
"7833","Gymnotus_chimarrao",63822,2
"7834","Holohalaelurus_melanostigma",63824,2
"7835","Psilorhynchus_robustus",63827,2
"7836","Rivulus_giarettai",63828,2
"7837","Lobocheilos_erinaceus",63829,2
"7838","Lobocheilos_ixocheilos",63830,2
"7839","Lobocheilos_ovalis",63831,2
"7840","Lobocheilos_tenura",63832,2
"7841","Lobocheilos_terminalis",63833,2
"7842","Lobocheilos_unicornis",63834,2
"7843","Hisonotus_chromodontus",63835,2
"7844","Hisonotus_luteofrenatus",63836,2
"7845","Achondrostoma_salmantinum",63837,2
"7846","Apterichtus_australis",63838,2
"7847","Odontostilbe_splendida",63839,2
"7848","Odontostilbe_pao",63840,2
"7849","Hypostomus_multidens",63841,2
"7850","Photostomias_goodyeari",63842,2
"7851","Eubleekeria_kupanensis",63843,2
"7852","Abyssoberyx_levisquamosus",63844,2
"7853","Antigonia_kenyae",63845,2
"7854","Symphurus_ocellaris",63846,2
"7855","Petroscirtes_pylei",63847,2
"7856","Apistogramma_barlowi",63848,2
"7857","Pseudocoris_aequalis",63849,2
"7858","Ptereleotris_brachyptera",63850,1
"7859","Ptereleotris_crossogenion",63851,1
"7860","Ptereleotris_kallista",63852,1
"7861","Manonichthys_jamali",63853,1
"7862","Scorpaena_brevispina",63854,2
"7863","Scorpaena_bulacephala",63855,2
"7864","Lepadicyathus_mendeleevi",63856,2
"7865","Australoheros_ribeirae",63857,2
"7866","Neogobius_rizensis",63858,2
"7867","Neogobius_turani",63859,2
"7868","Muraena_augusti",63860,2
"7869","Hyphessobrycon_khardinae",63861,2
"7870","Pseudobagrus_brachyrhabdion",63862,2
"7871","Photostomias_atrox",63863,2
"7872","Apagesoma_australis",63864,2
"7873","Eubleekeria_jonesi",63865,1
"7874","Careproctus_kidoi",63866,2
"7875","Dipturus_wuhanlingi",63867,2
"7876","Equulites_antongil",63868,2
"7877","Batasio_procerus",63869,2
"7878","Puntius_erythromycter",63870,2
"7879","Ophichthus_brevirostris",63871,2
"7880","Pomacentrus_microspilus",63872,2
"7881","Puntius_nankyweensis",63873,2
"7882","Chromis_xouthos",63874,1
"7883","Puntius_thelys",63875,2
"7884","Puntius_macrogramma",63876,2
"7885","Puntius_pugio",63877,2
"7886","Epibulus_brevis",63878,1
"7887","Characidium_nupelia",63879,2
"7888","Vanderhorstia_nobilis",63880,1
"7889","Eviota_hoesei",63881,2
"7890","Characidium_xavante",63882,2
"7891","Trichomycterus_crassicaudatus",63883,2
"7892","Eviota_readerae",63884,2
"7893","Xenisthmus_chi",63885,2
"7894","Xenisthmus_eirospilus",63886,1
"7895","Xenisthmus_semicinctus",63887,2
"7896","Rineloricaria_tropeira",63888,2
"7897","Asterropteryx_senoui",63889,1
"7898","Rineloricaria_anitae",63890,2
"7899","Vanderhorstia_papilio",63891,1
"7900","Obliquogobius_cirrifer",63892,2
"7901","Obliquogobius_megalops",63893,2
"7902","Obliquogobius_yamadai",63894,2
"7903","Hemibrycon_divisorensis",63895,2
"7904","Knodus_shinahota",63896,2
"7905","Salminus_franciscanus",63897,1
"7906","Crenicichla_hadrostigma",63898,2
"7907","Crenicichla_empheres",63899,2
"7908","Sternarchogiton_labiatus",63900,2
"7909","Sternarchogiton_preto",63901,2
"7910","Apogon_seminigracaudus",63902,1
"7911","Argyripnus_pharos",63903,2
"7912","Gerres_mozambiquensis",63904,2
"7913","Diaphenchelys_pelonates",63905,1
"7914","Synaphobranchus_calvus",63906,2
"7915","Albula_oligolepis",63907,2
"7916","Albula_virgata",63908,2
"7917","Akihito_futuna",63909,2
"7918","Akihito_vanuatu",63910,2
"7919","Discotrema_zonatum",63911,2
"7920","Aseraggodes_albidus",63912,1
"7921","Aseraggodes_chapleaui",63913,1
"7922","Aseraggodes_kimurai",63914,2
"7923","Aseraggodes_longipinnis",63915,1
"7924","Aseraggodes_matsuurai",63916,1
"7925","Aseraggodes_satapoomini",63917,1
"7926","Aseraggodes_senoui",63918,1
"7927","Aseraggodes_suzumotoi",63919,1
"7928","Aseraggodes_winterbottomi",63920,1
"7929","Aseraggodes_zizette",63921,1
"7930","Aseraggodes_beauforti",63922,2
"7931","Rineloricaria_anhaguapitan",63923,2
"7932","Rineloricaria_zaina",63924,2
"7933","Rineloricaria_capitonia",63925,2
"7934","Rineloricaria_stellata",63926,2
"7935","Rineloricaria_reisi",63927,2
"7936","Rineloricaria_setepovos",63928,2
"7937","Rineloricaria_sanga",63929,2
"7938","Dipturus_acrobelus",63930,2
"7939","Dipturus_apricus",63931,2
"7940","Dipturus_healdi",63932,2
"7941","Rhamdella_cainguae",63933,2
"7942","Dipturus_melanospilus",63934,2
"7943","Dipturus_queenslandicus",63935,2
"7944","Hoplolatilus_erdmanni",63936,1
"7945","Ctenogobiops_mitodes",63937,1
"7946","Ctenogobiops_phaeostictus",63938,1
"7947","Tomiyamichthys_tanyspilus",63939,1
"7948","Chromis_onumai",63941,2
"7949","Gogo_atratus",63942,2
"7950","Lycenchelys_ryukyuensis",63943,2
"7951","Trimma_yanagitai",63944,2
"7952","Trimma_nomurai",63945,1
"7953","Aseraggodes_corymbus",63946,2
"7954","Rineloricaria_malabarbai",63947,2
"7955","Cirrhilabrus_cenderawasih",63948,1
"7956","Rineloricaria_baliola",63949,2
"7957","Halichoeres_burekae",63950,2
"7958","Pachycara_priedei",63952,2
"7959","Pachycara_cousinsi",63953,2
"7960","Chaenophryne_quasiramifera",63954,1
"7961","Leptolebias_itanhaensis",63955,2
"7962","Vanderhorstia_attenuata",63956,1
"7963","Pterygoplichthys_weberi",63957,2
"7964","Pareuchiloglanis_abbreviatus",63958,2
"7965","Vanderhorstia_auronotata",63959,1
"7966","Vanderhorstia_belloides",63960,1
"7967","Vanderhorstia_dorsomacula",63961,1
"7968","Dipturus_canutus",63962,2
"7969","Dipturus_confusus",63963,2
"7970","Dipturus_endeavouri",63964,2
"7971","Dipturus_falloargus",63965,2
"7972","Dipturus_grahami",63966,2
"7973","Dipturus_oculus",63967,2
"7974","Pareuchiloglanis_prolixdorsalis",63968,2
"7975","Dipturus_wengi",63969,2
"7976","Dentiraja_flindersi",63970,2
"7977","Okamejei_arafurensis",63971,2
"7978","Trichomycterus_tiraquae",63972,2
"7979","Okamejei_leptoura",63973,2
"7980","Rajella_challengeri",63974,2
"7981","Leucoraja_pristispina",63975,2
"7982","Irolita_westraliensis",63976,2
"7983","Poecilia_rositae",63977,2
"7984","Notoraja_azurea",63978,2
"7985","Notoraja_lira",63979,2
"7986","Notoraja_sticta",63980,2
"7987","Cirrhilabrus_brunneus",63981,1
"7988","Priolepis_winterbottomi",63982,2
"7989","Paracheilinus_walton",63983,1
"7990","Parapercis_phenax",63984,2
"7991","Parapercis_banoni",63985,2
"7992","Astronesthes_formosana",63987,2
"7993","Stigmatopora_narinosa",63989,2
"7994","Tryssogobius_flavolineatus",63991,1
"7995","Tryssogobius_nigrolineatus",63993,1
"7996","Tryssogobius_quinquespinus",63994,1
"7997","Dactylanthias_baccheti",63996,2
"7998","Takifugu_plagiocellatus",63997,2
"7999","Takifugu_variomaculatus",63998,2
"8000","Otocinclus_batmani",63999,2
"8001","Scorpaena_pepo",64000,2
"8002","Pimelodus_pohli",64001,2
"8003","Pseudoscopelus_pierbartus",64002,2
"8004","Brachyhypopomus_bombilla",64003,2
"8005","Diapterus_brevirostris",64004,2
"8006","Crenicichla_yaha",64005,2
"8007","Knodus_tiquiensis",64006,2
"8008","Jenynsia_diphyes",64007,2
"8009","Rivulus_formosensis",64008,2
"8010","Laubuca_insularis",64009,2
"8011","Laubuca_varuna",64010,2
"8012","Laubuca_ruhuna",64011,2
"8013","Yunnanilus_longibarbatus",64012,2
"8014","Rhinogobius_wuyiensis",64013,2
"8015","Paracobitis_maolanensis",64014,2
"8016","Longanalus_macrochirous",64015,2
"8017","Triplophysa_xiangshuingensis",64016,2
"8018","Yunnanilus_bajiangensis",64017,2
"8019","Paralepidocephalus_guishanensis",64018,2
"8020","Yunnanilus_pulcherrimus",64019,2
"8021","Triplophysa_flavicorpus",64020,2
"8022","Paracobitis_posterodorsalus",64021,2
"8023","Potamarius_usumacintae",64022,1
"8024","Bodianus_neopercularis",64023,2
"8025","Percina_williamsi",64024,2
"8026","Bodianus_bathycapros",64025,2
"8027","Bodianus_paraleucosticticus",64026,2
"8028","Trachyscorpia_osheri",64027,2
"8029","Idiastion_hageyi",64028,2
"8030","Coelorinchus_hoangi",64029,2
"8031","Coelorinchus_gormani",64030,2
"8032","Schizodon_scotorhabdotus",64031,2
"8033","Akysis_scorteus",64032,2
"8034","Akysis_galeatus",64033,2
"8035","Triplophysa_tianeensis",64034,2
"8036","Triplophysa_nujiangensa",64035,2
"8037","Sinocyclocheilus_guishanensis",64036,2
"8038","Cirrhimuraena_yuanding",64037,2
"8039","Hemibrycon_pautensis",64038,2
"8040","Phenacogaster_apletostigma",64039,2
"8041","Pareiorhaphis_nasuta",64040,2
"8042","Acestridium_triplax",64041,2
"8043","Hasemania_nambiquara",64042,2
"8044","Knipowitschia_montenegrina",64043,2
"8045","Labeo_meroensis",64044,2
"8046","Roeboides_sazimai",64045,2
"8047","Bibarba_bibarba",64046,2
"8048","Amphilius_dimonikensis",64047,2
"8049","Amphilius_caudosignatus",64048,2
"8050","Synodontis_macropunctata",64049,2
"8051","Amphilius_korupi",64050,2
"8052","Amphilius_mamonekenensis",64051,2
"8053","Doumea_gracila",64052,2
"8054","Doumea_sanaga",64053,2
"8055","Phractura_stiassny",64054,2
"8056","Chromaphyosemion_koungueense",64055,2
"8057","Chromaphyosemion_omega",64056,2
"8058","Chromaphyosemion_melinoeides",64057,2
"8059","Philypnodon_macrostomus",64058,2
"8060","Maylandia_flavifemina",64059,2
"8061","Synodus_mascarensis",64060,2
"8062","Characidium_xanthopterum",64061,2
"8063","Brachyhypopomus_draco",64062,2
"8064","Phalloceros_mikrommatos",64063,2
"8065","Phalloceros_leticiae",64064,2
"8066","Phalloceros_heptaktinos",64065,2
"8067","Phalloceros_tupinamba",64066,2
"8068","Phalloceros_leptokeras",64067,2
"8069","Phalloceros_aspilos",64068,2
"8070","Phalloceros_elachistos",64069,2
"8071","Phalloceros_enneaktinos",64070,2
"8072","Phalloceros_titthos",64071,2
"8073","Phalloceros_harpagos",64072,2
"8074","Phalloceros_ocellatus",64073,2
"8075","Phalloceros_alessandrae",64074,2
"8076","Phalloceros_malabarbai",64075,2
"8077","Phalloceros_megapolos",64076,2
"8078","Phalloceros_lucenorum",64077,2
"8079","Phalloceros_uai",64078,2
"8080","Phalloceros_buckupi",64079,2
"8081","Phalloceros_anisophallos",64080,2
"8082","Phalloceros_pellos",64081,2
"8083","Phalloceros_spiloura",64082,2
"8084","Phalloceros_reisi",64083,2
"8085","Austrolebias_paucisquama",64084,2
"8086","Dicrossus_gladicauda",64085,2
"8087","Acanthemblemaria_cubana",64087,2
"8088","Beaglichthys_bleekeri",64088,1
"8089","Symphysanodon_disii",64089,2
"8090","Aulopus_diactithrix",64090,2
"8091","Genioliparis_kafanovi",64091,2
"8092","Hypseleotris_barrawayi",64092,2
"8093","Malakichthys_similis",64093,2
"8094","Alburnus_demiri",64094,2
"8095","Lubbockichthys_myersi",64095,2
"8096","Cocotropus_roseomaculatus",64096,2
"8097","Gobio_volgensis",64097,2
"8098","Cobitis_melanoleuca_gladkovi",64098,2
"8099","Hyphessobrycon_oritoensis",64099,2
"8100","Rivulus_faucireticulatus",64100,2
"8101","Leporinus_amazonicus",64101,2
"8102","Proterorhinus_tataricus",64103,2
"8103","Channa_ornatipinnis",64104,2
"8104","Channa_pulchra",64105,2
"8105","Rivulus_kayabi",64106,2
"8106","Apristurus_australis",64107,2
"8107","Mustelus_stevensi",64108,2
"8108","Mustelus_walkeri",64109,2
"8109","Centrophorus_westraliensis",64110,2
"8110","Centrophorus_zeehaani",64111,1
"8111","Rivulus_bororo",64112,2
"8112","Rivulus_paresi",64113,2
"8113","Benthophilus_durrelli",64114,2
"8114","Pristiophorus_delicatus",64115,1
"8115","Parascyllium_elongatum",64116,2
"8116","Orectolobus_reticulatus",64117,2
"8117","Apristurus_ampliceps",64118,1
"8118","Apristurus_bucephalus",64119,2
"8119","Kolpotocheirodon_figueiredoi",64120,2
"8120","Bythaelurus_incanus",64121,2
"8121","Cephaloscyllium_cooki",64122,2
"8122","Cephaloscyllium_pictum",64123,1
"8123","Periophthalmus_darwini",64124,2
"8124","Cephaloscyllium_signourum",64125,2
"8125","Periophthalmus_murdyi",64126,2
"8126","Cephaloscyllium_speccum",64127,2
"8127","Cephaloscyllium_albipinnum",64128,1
"8128","Cephaloscyllium_variegatum",64129,1
"8129","Cephaloscyllium_zebrum",64130,2
"8130","Cephaloscyllium_hiscosellum",64131,1
"8131","Figaro_striatus",64132,1
"8132","Glyphis_garricki",64133,2
"8133","Rhynchobatus_palpebratus",64134,2
"8134","Narcine_ornata",64136,2
"8135","Narcine_nelsoni",64137,2
"8136","Allomogurnda_hoesei",64138,2
"8137","Trygonoptera_imitata",64139,2
"8138","Chimaera_argiloba",64140,2
"8139","Trygonoptera_galba",64141,2
"8140","Allomogurnda_landfordi",64142,2
"8141","Dasyatis_parvonigra",64143,2
"8142","Allomogurnda_insularis",64144,2
"8143","Himantura_dalyensis",64145,2
"8144","Luciobarbus_kottelati",64146,2
"8145","Himantura_leoparda",64147,2
"8146","Luciobarbus_lydianus",64148,2
"8147","Himantura_astra",64149,2
"8148","Neotrygon_picta",64150,1
"8149","Allomogurnda_montana",64151,2
"8150","Liocranium_pleurostigma",64152,1
"8151","Heterandria_tuxtlaensis",64153,2
"8152","Puntius_kamalika",64154,2
"8153","Asymbolus_galacticus",64155,2
"8154","Peckoltia_caenosa",64156,2
"8155","Peckoltia_lineola",64157,2
"8156","Chimaera_fulva",64158,2
"8157","Chimaera_macrospina",64159,1
"8158","Chimaera_obscura",64160,2
"8159","Gymnothorax_shaoi",64161,2
"8160","Hydrolagus_homonycteris",64162,2
"8161","Hydrolagus_marmoratus",64163,2
"8162","Nannaethiops_bleheri",64164,2
"8163","Copella_meinkeni",64165,2
"8164","Lentipes_venustus",64166,2
"8165","Stenogobius_watsoni",64167,2
"8166","Allomogurnda_papua",64168,2
"8167","Allomogurnda_sampricei",64169,2
"8168","Allomogurnda_flavimarginata",64170,2
"8169","Lentipes_mindanaoensis",64171,2
"8170","Bryconamericus_cinarucoense",64172,2
"8171","Bryconamericus_singularis",64173,2
"8172","Hemibrycon_rafaelense",64174,2
"8173","Acheilognathus_tabira_erythropterus",64175,2
"8174","Acheilognathus_tabira_tohokuensis",64176,2
"8175","Acheilognathus_tabira_jordani",64177,2
"8176","Acheilognathus_tabira_nakamurae",64178,2
"8177","Phoxinus_bigerri",64179,2
"8178","Phoxinus_septimaniae",64180,2
"8179","Amphiprion_barberi",64181,2
"8180","Cirrhilabrus_beauperryi",64182,1
"8181","Phoxinus_strymonicus",64183,2
"8182","Chiasmodon_lavenbergi",64184,2
"8183","Apteronotus_galvisi",64185,2
"8184","Kali_caribbaea",64186,2
"8185","Eutropiichthys_britzi",64187,2
"8186","Eutropiichthys_salweenensis",64188,2
"8187","Astrocottus_regulus",64189,2
"8188","Rhynchodoras_castilloi",64190,2
"8189","Cottus_tallapoosae",64191,2
"8190","Cottus_chattahoochee",64192,2
"8191","Rivulus_illuminatus",64193,2
"8192","Sunagocia_sainsburyi",64194,2
"8193","Simpsonichthys_nigromaculatus",64195,2
"8194","Minysicya_caudimaculata",64196,2
"8195","Alburnus_vistonicus",64197,2
"8196","Alburnus_volviticus",64198,2
"8197","Alburnus_leobergi",64199,2
"8198","Callionymus_kanakorum",64200,2
"8199","Alburnus_sarmaticus",64201,2
"8200","Protogrammus_antipodus",64202,2
"8201","Ostorhinchus_leslie",64203,2
"8202","Chaetodontoplus_vanderloosi",64204,1
"8203","Alburnus_danubicus",64205,2
"8204","Neamia_articycla",64206,1
"8205","Alburnus_attalus",64207,2
"8206","Alburnus_battalgilae",64208,2
"8207","Dunckerocampus_naia",64209,1
"8208","Chromis_monochroma",64210,1
"8209","Squalius_laietanus",64211,2
"8210","Chromis_pura",64212,1
"8211","Centropyge_abei",64214,1
"8212","Pterocaesio_flavifasciata",64215,1
"8213","Wetmorella_tanakai",64216,1
"8214","Mastacembelus_tinwini",64217,2
"8215","Mastacembelus_pantherinus",64218,2
"8216","Cobitis_illyrica",64219,2
"8217","Trypauchenichthys_larsonae",64220,2
"8218","Grammonus_yunokawai",64221,2
"8219","Chromaphyosemion_ecucuense",64222,2
"8220","Laiphognathus_longispinis",64223,2
"8221","Chromaphyosemion_erythron",64224,2
"8222","Lepidiolamprologus_mimicus",64225,2
"8223","Bedotia_leucopteron",64226,2
"8224","Nuchequula_mannusella",64227,2
"8225","Neolamprologus_walteri",64228,2
"8226","Neolamprologus_chitamwebwai",64229,2
"8227","Parapercis_pacifica",64230,2
"8228","Parapercis_queenslandica",64231,2
"8229","Parapercis_xanthogramma",64232,2
"8230","Marcusenius_altisambesi",64233,2
"8231","Muraenolepis_kuderskii",64234,2
"8232","Pavoraja_arenaria",64235,2
"8233","Marcusenius_devosi",64236,2
"8234","Pavoraja_mosaica",64237,2
"8235","Pavoraja_pseudonitida",64238,2
"8236","Pavoraja_umbrosa",64239,2
"8237","Bodianus_sepiacaudus",64240,1
"8238","Bodianus_rubrisos",64241,1
"8239","Bodianus_dictynna",64242,1
"8240","Bodianus_busellatus",64243,2
"8241","Bodianus_solatus",64244,2
"8242","Amphilius_chalei",64266,2
"8243","Atopodontus_adriaensi",64267,2
"8244","Chrysichthys_turkana",64268,2
"8245","Cobitis_jadovaensis",64269,2
"8246","Doras_zuanoni",64270,2
"8247","Doras_higuchii",64271,2
"8248","Doras_phlyzakion",64272,2
"8249","Eviota_partimacula",64273,2
"8250","Gelanoglanis_travieso",64274,2
"8251","Glyptothorax_plectilis",64275,2
"8252","Liobagrus_aequilabris",64276,2
"8253","Nanobagrus_torquatus",64277,2
"8254","Nothobranchius_cardinalis",64278,2
"8255","Paretroplus_lamenabe",64279,2
"8256","Paretroplus_gymnopreopercularis",64280,2
"8257","Phenacorhamdia_taphorni",64281,2
"8258","Phenacorhamdia_provenzanoi",64282,2
"8259","Pimelodus_pintado",64283,2
"8260","Silhouettea_capitlineata",64284,2
"8261","Xyrichtys_pastellus",64285,2
"8262","Zaireichthys_compactus",64286,2
"8263","Synodontis_orientalis",64327,2
"8264","Synodontis_woleuensis",64328,2
"8265","Synodontis_ouemeensis",64329,2
"8266","Synodontis_kogonensis",64330,2
"8267","Careproctus_discoveryae",64474,2
"8268","Dactylosurculus_gomoni",64475,2
"8269","Didymothallus_criniceps",64476,2
"8270","Didymothallus_pruvosti",64477,2
"8271","Eusurculus_andamanensis",64478,1
"8272","Eusurculus_pistillum",64479,2
"8273","Eusurculus_pristinus",64480,1
"8274","Kyonemichthys_rumengani",64481,1
"8275","Lapitaichthys_frickei",64482,2
"8276","Majungaichthys_simplex",64483,2
"8277","Mascarenichthys_heemstrai",64484,2
"8278","Mascarenichthys_microphthalmus",64485,2
"8279","Pseudoscopelus_vityazi",64486,2
"8280","Tetragondacnus_spilotus",64487,2
"8281","Ungusurculus_collettei",64488,1
"8282","Ungusurculus_komodoensis",64489,1
"8283","Ungusurculus_philippinensis",64490,1
"8284","Ungusurculus_riauensis",64491,1
"8285","Ungusurculus_sundaensis",64492,1
"8286","Ungusurculus_williamsis",64493,1
"8287","Zephyrichthys_barryi",64494,2
"8288","Leporinus_vanzoi",64495,2
"8289","Apogon_euspilotus",64496,2
"8290","Adontosternarchus_nebulosus",64497,2
"8291","Bhavania_arunachalensis",64498,2
"8292","Crossostoma_fasciolatus",64499,2
"8293","Ilamnemacheilus_longipinnis",64500,2
"8294","Orthrias_potaninorum",64502,2
"8295","Orthrias_sawadai",64503,2
"8296","Schistura_niulanjiangensis",64504,2
"8297","Schistura_tigrinum",64505,2
"8298","Perulibatrachus_aquilonarius",64506,2
"8299","Beaglichthys_larsonae",64507,2
"8300","Microbrotula_greenfieldi",64508,2
"8301","Microbrotula_punicea",64509,2
"8302","Paradiancistrus_lombokensis",64510,1
"8303","Grammatonotus_ambiortus",64511,2
"8304","Antigonia_ovalis",64512,2
"8305","Antigonia_quiproqua",64513,2
"8306","Antigonia_socotrae",64514,2
"8307","Pseudocaranx_dinjerra",64515,2
"8308","Hyphessobrycon_isiri",64516,2
"8309","Pseudoscopelus_albeolus",64517,2
"8310","Pseudoscopelus_astronesthidens",64518,2
"8311","Pseudoscopelus_australis",64519,2
"8312","Pseudoscopelus_bothrorrhinos",64520,2
"8313","Pseudoscopelus_lavenbergi",64521,2
"8314","Geophagus_gottwaldi",64522,2
"8315","Gymnogeophagus_caaguazuensis",64523,2
"8316","Petrotilapia_microgalana",64525,2
"8317","Heteroclinus_kuiteri",64526,2
"8318","Pseudophoxinus_elizavetae",64527,2
"8319","Pseudophoxinus_firati",64528,2
"8320","Pseudophoxinus_zekayi",64529,2
"8321","Puntius_poodokensis",64530,2
"8322","Sinocyclocheilus_aquihornes",64531,2
"8323","Sinocyclocheilus_broadihornes",64532,2
"8324","Squalius_castellanus",64533,2
"8325","Toxabramis_maensis",64534,2
"8326","Toxabramis_nhatleensis",64535,2
"8327","Ditrema_temminckii_pacificum",64536,2
"8328","Fundulus_philpisteri",64537,2
"8329","Gerres_akazakii",64538,2
"8330","Gerres_ryukyuensis",64539,2
"8331","Gerres_shima",64540,2
"8332","Alabes_bathys",64541,2
"8333","Alabes_springeri",64542,2
"8334","Amblyeleotris_bleekeri",64543,2
"8335","Amblyeleotris_taipinensis",64544,2
"8336","Amblyeleotris_neumanni",64545,2
"8337","Callogobius_sheni",64546,2
"8338","Eviota_masudai",64547,2
"8339","Gymnogobius_zhoushanensis",64548,2
"8340","Myersina_adonis",64549,1
"8341","Nesogobius_greeni",64550,2
"8342","Nesogobius_macculochi",64551,2
"8343","Stenogobius_keletaona",64552,2
"8344","Vanderhorstia_hiramatsui",64553,2
"8345","Vanderhorstia_kizakura",64554,2
"8346","Vanderhorstia_opercularis",64555,2
"8347","Vanderhorstia_rapa",64556,2
"8348","Hapalogenys_dampieriensis",64557,2
"8349","Hapalogenys_filamentosus",64558,2
"8350","Harpagifer_permitini",64559,2
"8351","Imparfinis_mishky",64560,2
"8352","Careproctus_comus",64561,2
"8353","Careproctus_crozetensis",64562,2
"8354","Careproctus_faunus",64563,2
"8355","Careproctus_maculosus",64564,2
"8356","Careproctus_stigmatogenus",64565,2
"8357","Paraliparis_acutidens",64566,2
"8358","Paraliparis_kocki",64567,2
"8359","Paraliparis_mexicanus",64568,2
"8360","Paraliparis_porcus",64569,2
"8361","Paraliparis_wolffi",64570,2
"8362","Loricaria_holmbergi",64571,2
"8363","Upeneus_mouthami",64572,2
"8364","Anarchias_supremus",64573,2
"8365","Muraenolepis_pacifica",64574,2
"8366","Aphyosemion_lividum",64575,2
"8367","Aphyosemion_malumbresi",64576,2
"8368","Neobythitoides_serratus",64577,2
"8369","Opistognathus_rufilineatus",64578,1
"8370","Betta_apollon",64579,2
"8371","Betta_ferox",64580,2
"8372","Etheostoma_occidentale",64581,2
"8373","Etheostoma_orientale",64582,2
"8374","Etheostoma_planasaxatile",64583,2
"8375","Etheostoma_tennesseense",64584,2
"8376","Pteropsaron_springeri",64585,1
"8377","Rogadius_mcgroutheri",64586,2
"8378","Plecoglossus_altivelis_chinensis",64587,2
"8379","Ebinania_australiae",64589,2
"8380","Rivulus_gaucheri",64590,2
"8381","Meganthias_carpenteri",64591,2
"8382","Odontanthias_grahami",64592,2
"8383","Odontanthias_wassi",64593,2
"8384","Exostoma_barakensis",64594,2
"8385","Glyptothorax_kudremukhensis",64595,2
"8386","Aseraggodes_cheni",64596,2
"8387","Aseraggodes_orientalis",64597,2
"8388","Dentex_abei",64598,2
"8389","Zoarchias_hosoyai",64599,2
"8390","Zoarchias_macrocephalus",64600,2
"8391","Malacosteus_australis",64601,2
"8392","Trichomycterus_sandovali",64602,2
"8393","Enneapterygius_senoui",64603,2
"8394","Helcogramma_alkamr",64604,1
"8395","Helcogramma_ememes",64605,1
"8396","Helcogramma_microstigma",64606,1
"8397","Helcogramma_rharhabe",64607,1
"8398","Helcogramma_rosea",64608,1
"8399","Helcogramma_serendip",64609,1
"8400","Zenopsis_stabilispinosa",64610,2
"8401","Lycenchelys_imamurai",64611,2
"8402","Lycenchelys_novaezealandiae",64612,2
"8403","Lycenchelys_polyodon",64613,2
"8404","Pachycara_dolichaulus",64615,2
"8405","Pyrolycus_moelleri",64616,2
"8406","Seleniolycus_pectoralis",64617,2
"8407","Seleniolycus_robertsi",64618,2
"8408","Zoarces_fedorovi",64619,1
"8409","Ichthyapus_insularis",64620,1
"8410","Glyptothorax_coracinus",64621,2
"8411","Exostoma_vinciguerrae",64624,2
"8412","Odontanthias_katayamai",64625,2
"8413","Parupeneus_diagonalis",64626,2
"8414","Symphurus_thermophilus",64628,2
"8415","Dolichopteryx_pseudolongipes",64629,2
"8416","Protocobitis_polylepis",64630,2
"8417","Leucogrammolycus_brychios",64631,2
"8418","Ladigesocypris_mermere",64632,2
"8419","Emblemariopsis_dianae",64633,2
"8420","Crenicichla_zebrina",64634,2
"8421","Mesonoemacheilus_remadevii",64636,2
"8422","Bryconamericus_charalae",64637,2
"8423","Cobitis_zhejiangensis",64638,2
"8424","Coregonus_lutokka",64639,2
"8425","Cobitis_taurica",64640,1
"8426","Oryzias_melastigma",64642,2
"8427","Pseudobunocephalus_lundbergi",64643,2
"8428","Soleichthys_dori",64644,2
"8429","Puntius_padamya",64645,2
"8430","Paedocypris_carbunculus",64646,2
"8431","Psilorhynchus_tenura",64647,2
"8432","Cobitis_evreni",64648,2
"8433","Synodus_orientalis",64649,2
"8434","Oxynoemacheilus_anatolica",64651,2
"8435","Oxynoemacheilus_kaynaki",64652,2
"8436","Hemigrammus_silimoni",64653,2
"8437","Hisonotus_armatus",64654,2
"8438","Corumbataia_veadeiros",64655,2
"8439","Eirmotus_isthmus",64656,2
"8440","Glaphyropoma_spinosum",64657,2
"8441","Eirmotus_furvus",64658,2
"8442","Eirmotus_insignis",64659,2
"8443","Capoeta_capoeta_gracilis",64660,1
"8444","Poeciliopsis_santaelena",64661,0
"8445","Trichomycterus_uisae",64662,0
"8446","Trichomycterus_caipora",64663,0
"8447","Gymnotocinclus_anosteos",64664,0
"8448","Rineloricaria_langei",64665,0
"8449","Rineloricaria_maacki",64666,0
"8450","Scoloplax_baskini",64667,0
"8451","Rineloricaria_daraha",64668,0
"8452","Loricaria_spinulifera",64669,0
"8453","Loricaria_pumila",64670,0
"8454","Pogonophryne_bellingshausenensis",64671,0
"8455","Gosztonyia_antarctica",64672,0
"8456","Rineloricaria_osvaldoi",64673,0
"8457","Loricaria_lundbergi",64674,0
"8458","Hypostomus_denticulatus",64675,0
"8459","Hypostomus_heraldoi",64676,0
"8460","Hypostomus_faveolus",64677,0
"8461","Lithoxus_jantjae",64678,0
"8462","Hemiancistrus_cerrado",64679,0
"8463","Microglanis_carlae",64680,0
"8464","Gladioglanis_anacanthus",64681,0
"8465","Megalonema_amaxanthum",64682,0
"8466","Megalonema_orixanthum",64683,0
"8467","Pimelodus_stewarti",64684,0
"8468","Coelorinchus_amirantensis",64685,0
"8469","Pimelodus_halisodous",64686,0
"8470","Pimelodus_joannis",64687,0
"8471","Tatia_caxiuanensis",64688,0
"8472","Tatia_meesi",64689,0
"8473","Tatia_nigra",64690,0
"8474","Platydoras_brachylecis",64691,0
"8475","Astyanax_epiagos",64692,0
"8476","Astyanax_jacobinae",64693,0
"8477","Gnatholepis_argus",64696,0
"8478","Laubuca_lankensis",64697,0
"8479","Leptodoras_oyakawai",64698,0
"8480","Yunnanilus_tigeriveinus",64699,0
"8481","Distichodus_teugelsi",64700,0
"8482","Psilorhynchus_breviminor",64701,0
"8483","Synodontis_ngouniensis",64702,0
"8484","Rivulus_amanan",64703,0
"8485","Rivulus_jurubatibensis",64704,0
"8486","Puntius_reval",64705,0
